{
    "x" : 738.0,
    "y" : 568.0,
    "w" : 170.0,
    "h" : 170.0,
    "exp" : 4e-45,
    "speed" : 6.0,
    "hp" : -7.300661e-29,
    "dmg" : 3.0669e-41,
    "def" : -3.6942001e-28,
    "scene_id" : 5,
    "model_id" : 2,
    "level" : -1852460560,
    "mobs_killed" : 21886,
    "name" : "patrick",
    "type" : "barbarian",
    "interactions" : [
    ]
}